userid,name,workstream,workstreamid
1,Matthew Webb,Proposition Dev.,PRO
2,Thomas William Burgess,Proposition Dev.,PRO
3,Henry Sullivan,Proposition Dev.,PRO
4,Enrique Tirabocchi,Proposition Dev.,PRO
5,Charles Toth,Proposition Dev.,PRO
6,Gertrude Ederle,Proposition Dev.,PRO
7,Amelia Gade Corson,Proposition Dev.,PRO
8,Edward H. Temme,Engineering ,ENG
9,Florence Chadwick,Engineering ,ENG
10,Damian Piz  Beltran,Engineering ,ENG
11,Marilyn Bell,Engineering ,ENG
12,Brojen Das,Engineering ,ENG
13,Arati Saha,Engineering ,ENG
14,Mihir Sen,Engineering ,ENG
15,Antonio Abertondo,Engineering ,ENG
16,Jon Erikson,Sales & Marketing,SAL
17,John Maclean,Sales & Marketing,SAL
18,Philippe Croizon,Sales & Marketing,SAL
19,Trent Grimsey,Sales & Marketing,SAL
20,Philip Rush,Sales & Marketing,SAL
21,Kevin Murphy,Project Mgt.,MGT
22,Alison Streeter,Project Mgt.,MGT
23,Cynthia Nicholas,Project Mgt.,MGT
